product,total_revenue,hhi_product,top_channel,top_channel_share
SKU_D,10932.65,0.39105190326224637,Organic,0.550937787270241
SKU_B,18678.5,0.33291199622578543,Paid,0.42735176807559494
SKU_A,10996.8,0.31874612294954835,Referral,0.3865760948639605
SKU_E,16276.16,0.27667538520583385,Paid,0.3589495310933291
SKU_C,24235.56,0.26055121409477305,Partner,0.30403795084578195
